WAREHOUSE_ID,PRODUCT_ID,QUANTITY,SYS_EXEC_DURATION
8,138,31,0.25714
8,195,139,0.257294
6,288,213,0.257328
6,173,94,0.257355
7,39,55,0.257381
